threshold,accuracy,precision,recall,f1_score,specificity,negative_predictive_value,true_negatives,false_positives,false_negatives,true_positives,positive_predictions,positive_prediction_rate
0.2,0.4945501175464843,0.4109459031951914,0.9774266365688488,0.578619153674833,0.22873001408334023,0.9484713156990725,2761,9310,150,6495,15805,0.8444646291942722
0.25,0.5190211583671724,0.42260458396269784,0.9683972911963883,0.5884235552304315,0.27164278021704913,0.939810834049871,3279,8792,210,6435,15227,0.8135819619576833
0.3,0.564917717460996,0.44581102590073796,0.927313769751693,0.6021400302926663,0.36542125755944,0.9013077237433592,4411,7660,483,6162,13822,0.738512502671511
0.35,0.657993160931823,0.511531190926276,0.8144469525959368,0.628388969521045,0.5718664567972828,0.8484513274336283,6903,5168,1233,5412,10580,0.5652917290019235
0.4,0.7430540713827741,0.6309931506849316,0.6654627539503386,0.6477697209404526,0.7857675420429128,0.810129825760164,9485,2586,2223,4422,7008,0.3744389826886087
0.45,0.7798140628339388,0.7471602036819428,0.5741158765989466,0.6493064420049357,0.893049457377185,0.7920646583394563,10780,1291,2830,3815,5106,0.2728147039965805
0.5,0.7878285958538149,0.8073563218390805,0.5285176824680211,0.6388358344702137,0.9305774169497142,0.7819156341361548,11233,838,3133,3512,4350,0.23242145757640523
0.55,0.7894315024577901,0.8412417970721857,0.5015801354401805,0.6284529084566796,0.9478916411233534,0.7755185034566897,11442,629,3312,3333,3962,0.2116905321649925
0.6,0.78814917717461,0.8563829787234043,0.48457486832204666,0.6189332051898125,0.9552646839532765,0.770994918427387,11531,540,3425,3220,3760,0.2008976276982261
0.65,0.7875080145330199,0.8664835164835165,0.4746425884123401,0.613320369470102,0.9597382155579488,0.7684399044839479,11585,486,3491,3154,3640,0.1944860012823253
0.7,0.7865462705706348,0.8736604624929498,0.4662151993980436,0.6079874398979491,0.9628862563167924,0.7661832564271589,11623,448,3547,3098,3546,0.18946356058986963
0.75,0.7835541782432144,0.8821449616971125,0.4505643340857788,0.5964737523657735,0.9668627288542788,0.7617151807857983,11671,400,3651,2994,3394,0.1813421671297286
0.8,0.7804552254755289,0.8940335612181479,0.43295711060948083,0.5833924769339958,0.9717504763482727,0.75687185443283,11730,341,3768,2877,3218,0.17193844838640734
