safe_feature_name,original_feature_name,importance
Hemoglobin_A1c_Hemoglobin_total_in_Blood_min_365d,Hemoglobin A1c/Hemoglobin.total in Blood__min_365d,0.25253442
Hemoglobin_A1c_Hemoglobin_total_in_Blood_mean_365d,Hemoglobin A1c/Hemoglobin.total in Blood__mean_365d,0.10830482
Hemoglobin_A1c_Hemoglobin_total_in_Blood_mean_90d,Hemoglobin A1c/Hemoglobin.total in Blood__mean_90d,0.06400317
Hemoglobin_A1c_Hemoglobin_total_in_Blood_latest,Hemoglobin A1c/Hemoglobin.total in Blood__latest,0.059217528
Heart_rate_std_365d,Heart rate__std_365d,0.020321455
Heart_rate_days_since_latest,Heart rate__days_since_latest,0.016131695
Respiratory_rate_std_365d,Respiratory rate__std_365d,0.014304765
Hemoglobin_A1c_Hemoglobin_total_in_Blood_max_365d,Hemoglobin A1c/Hemoglobin.total in Blood__max_365d,0.014112613
Respiratory_rate_days_since_latest,Respiratory rate__days_since_latest,0.012648027
Calcium_days_since_latest,Calcium__days_since_latest,0.009050956
Heart_rate_slope_365d,Heart rate__slope_365d,0.0062366184
Diastolic_Blood_Pressure_days_since_latest,Diastolic Blood Pressure__days_since_latest,0.005785029
Body_Mass_Index_days_since_latest,Body Mass Index__days_since_latest,0.0052967966
Systolic_Blood_Pressure_days_since_latest,Systolic Blood Pressure__days_since_latest,0.0048344587
Body_Weight_days_since_latest,Body Weight__days_since_latest,0.004439818
Heart_rate_mean_90d,Heart rate__mean_90d,0.0042505343
Hemoglobin_A1c_Hemoglobin_total_in_Blood_slope_90d,Hemoglobin A1c/Hemoglobin.total in Blood__slope_90d,0.004163023
Respiratory_rate_slope_90d,Respiratory rate__slope_90d,0.0037693742
Alkaline_phosphatase_Enzymatic_activity_volume_in_Serum_or_Plasma_days_since_latest,Alkaline phosphatase [Enzymatic activity/volume] in Serum or Plasma__days_since_latest,0.003398395
Respiratory_rate_slope_365d,Respiratory rate__slope_365d,0.0031226831
Sodium_std_365d,Sodium__std_365d,0.0027864173
Creatinine_mean_90d,Creatinine__mean_90d,0.002692354
Glomerular_filtration_rate_1_73_sq_M_predicted_days_since_latest,Glomerular filtration rate/1.73 sq M.predicted__days_since_latest,0.0024922004
Aspartate_aminotransferase_Enzymatic_activity_volume_in_Serum_or_Plasma_days_since_latest,Aspartate aminotransferase [Enzymatic activity/volume] in Serum or Plasma__days_since_latest,0.0023981926
Platelets_volume_in_Blood_by_Automated_count_days_since_latest,Platelets [#/volume] in Blood by Automated count__days_since_latest,0.002364342
Potassium_std_365d,Potassium__std_365d,0.0022589515
Diastolic_Blood_Pressure_std_365d,Diastolic Blood Pressure__std_365d,0.002235243
Alanine_aminotransferase_Enzymatic_activity_volume_in_Serum_or_Plasma_days_since_latest,Alanine aminotransferase [Enzymatic activity/volume] in Serum or Plasma__days_since_latest,0.002151806
Creatinine_std_365d,Creatinine__std_365d,0.0021135253
Creatinine_mean_365d,Creatinine__mean_365d,0.0020313964
Diastolic_Blood_Pressure_mean_90d,Diastolic Blood Pressure__mean_90d,0.0020294164
Bilirubin_total_Mass_volume_in_Serum_or_Plasma_absolute_change_365d,Bilirubin.total [Mass/volume] in Serum or Plasma__absolute_change_365d,0.0020248534
Hemoglobin_Mass_volume_in_Blood_days_since_latest,Hemoglobin [Mass/volume] in Blood__days_since_latest,0.0020207947
Potassium_days_since_latest,Potassium__days_since_latest,0.0020080346
Systolic_Blood_Pressure_std_365d,Systolic Blood Pressure__std_365d,0.0020044653
Creatinine_max_365d,Creatinine__max_365d,0.0019855122
Glucose_days_since_latest,Glucose__days_since_latest,0.001967491
Chloride_std_365d,Chloride__std_365d,0.001951784
Respiratory_rate_mean_90d,Respiratory rate__mean_90d,0.0019254124
Glomerular_filtration_rate_1_73_sq_M_predicted_std_365d,Glomerular filtration rate/1.73 sq M.predicted__std_365d,0.0019135526
Creatinine_min_365d,Creatinine__min_365d,0.0018702289
Systolic_Blood_Pressure_slope_90d,Systolic Blood Pressure__slope_90d,0.0018597886
Hematocrit_Volume_Fraction_of_Blood_by_Automated_count_days_since_latest,Hematocrit [Volume Fraction] of Blood by Automated count__days_since_latest,0.0018207853
Triglycerides_days_since_latest,Triglycerides__days_since_latest,0.0018047695
Triglycerides_std_365d,Triglycerides__std_365d,0.0018032817
High_Density_Lipoprotein_Cholesterol_days_since_latest,High Density Lipoprotein Cholesterol__days_since_latest,0.0017486245
Body_Weight_relative_change_365d,Body Weight__relative_change_365d,0.0017444722
Creatinine_relative_change_365d,Creatinine__relative_change_365d,0.0017291397
Alkaline_phosphatase_Enzymatic_activity_volume_in_Serum_or_Plasma_std_365d,Alkaline phosphatase [Enzymatic activity/volume] in Serum or Plasma__std_365d,0.0017231838
Hemoglobin_A1c_Hemoglobin_total_in_Blood_absolute_change_365d,Hemoglobin A1c/Hemoglobin.total in Blood__absolute_change_365d,0.0017201282
Body_Weight_mean_90d,Body Weight__mean_90d,0.0016956418
Calcium_std_365d,Calcium__std_365d,0.0016902345
Creatinine_absolute_change_365d,Creatinine__absolute_change_365d,0.0016823397
Total_Cholesterol_std_365d,Total Cholesterol__std_365d,0.0016616458
Alanine_aminotransferase_Enzymatic_activity_volume_in_Serum_or_Plasma_mean_90d,Alanine aminotransferase [Enzymatic activity/volume] in Serum or Plasma__mean_90d,0.0016395053
Hemoglobin_A1c_Hemoglobin_total_in_Blood_days_since_latest,Hemoglobin A1c/Hemoglobin.total in Blood__days_since_latest,0.0016373722
Alkaline_phosphatase_Enzymatic_activity_volume_in_Serum_or_Plasma_mean_90d,Alkaline phosphatase [Enzymatic activity/volume] in Serum or Plasma__mean_90d,0.0016315683
Creatinine_latest,Creatinine__latest,0.0016248417
Bilirubin_total_Mass_volume_in_Serum_or_Plasma_std_365d,Bilirubin.total [Mass/volume] in Serum or Plasma__std_365d,0.0016220922
Hemoglobin_A1c_Hemoglobin_total_in_Blood_slope_365d,Hemoglobin A1c/Hemoglobin.total in Blood__slope_365d,0.0016178725
Glomerular_filtration_rate_1_73_sq_M_predicted_min_365d,Glomerular filtration rate/1.73 sq M.predicted__min_365d,0.0016010178
Low_Density_Lipoprotein_Cholesterol_slope_365d,Low Density Lipoprotein Cholesterol__slope_365d,0.0015885825
Body_Weight_slope_90d,Body Weight__slope_90d,0.001586437
Body_Weight_max_365d,Body Weight__max_365d,0.0015743145
Carbon_Dioxide_std_365d,Carbon Dioxide__std_365d,0.0015687967
Body_Weight_slope_365d,Body Weight__slope_365d,0.0015685499
High_Density_Lipoprotein_Cholesterol_std_365d,High Density Lipoprotein Cholesterol__std_365d,0.0015466122
Body_Weight_absolute_change_365d,Body Weight__absolute_change_365d,0.0015431244
Leukocytes_volume_in_Blood_by_Automated_count_mean_90d,Leukocytes [#/volume] in Blood by Automated count__mean_90d,0.0015315779
Heart_rate_slope_90d,Heart rate__slope_90d,0.0015275559
Creatinine_slope_365d,Creatinine__slope_365d,0.0015255117
Albumin_Mass_volume_in_Serum_or_Plasma_slope_90d,Albumin [Mass/volume] in Serum or Plasma__slope_90d,0.0015215958
Glucose_slope_90d,Glucose__slope_90d,0.0015157209
Systolic_Blood_Pressure_mean_90d,Systolic Blood Pressure__mean_90d,0.0015117197
Total_Cholesterol_slope_365d,Total Cholesterol__slope_365d,0.0014966332
Potassium_max_365d,Potassium__max_365d,0.0014965294
Hemoglobin_Mass_volume_in_Blood_mean_365d,Hemoglobin [Mass/volume] in Blood__mean_365d,0.0014903294
Body_Mass_Index_relative_change_365d,Body Mass Index__relative_change_365d,0.0014698512
Triglycerides_slope_90d,Triglycerides__slope_90d,0.0014578365
Glomerular_filtration_rate_1_73_sq_M_predicted_mean_90d,Glomerular filtration rate/1.73 sq M.predicted__mean_90d,0.0014478343
Aspartate_aminotransferase_Enzymatic_activity_volume_in_Serum_or_Plasma_slope_90d,Aspartate aminotransferase [Enzymatic activity/volume] in Serum or Plasma__slope_90d,0.0014431259
Albumin_Mass_volume_in_Serum_or_Plasma_min_365d,Albumin [Mass/volume] in Serum or Plasma__min_365d,0.0014357322
Total_Cholesterol_mean_90d,Total Cholesterol__mean_90d,0.0014336681
Hemoglobin_A1c_Hemoglobin_total_in_Blood_relative_change_365d,Hemoglobin A1c/Hemoglobin.total in Blood__relative_change_365d,0.0014254341
Creatinine_slope_90d,Creatinine__slope_90d,0.0014241253
Leukocytes_volume_in_Blood_by_Automated_count_slope_365d,Leukocytes [#/volume] in Blood by Automated count__slope_365d,0.0014185241
Aspartate_aminotransferase_Enzymatic_activity_volume_in_Serum_or_Plasma_relative_change_365d,Aspartate aminotransferase [Enzymatic activity/volume] in Serum or Plasma__relative_change_365d,0.0014103687
Chloride_slope_90d,Chloride__slope_90d,0.0014102289
Chloride_min_365d,Chloride__min_365d,0.0014060256
Hemoglobin_Mass_volume_in_Blood_slope_365d,Hemoglobin [Mass/volume] in Blood__slope_365d,0.0014056639
Aspartate_aminotransferase_Enzymatic_activity_volume_in_Serum_or_Plasma_mean_90d,Aspartate aminotransferase [Enzymatic activity/volume] in Serum or Plasma__mean_90d,0.0014050689
High_Density_Lipoprotein_Cholesterol_slope_365d,High Density Lipoprotein Cholesterol__slope_365d,0.0014014329
Body_Weight_std_365d,Body Weight__std_365d,0.0013928195
Body_Mass_Index_slope_365d,Body Mass Index__slope_365d,0.0013926834
Total_Cholesterol_max_365d,Total Cholesterol__max_365d,0.0013870739
Glucose_mean_90d,Glucose__mean_90d,0.0013797445
Body_Mass_Index_slope_90d,Body Mass Index__slope_90d,0.0013787559
Urea_Nitrogen_slope_90d,Urea Nitrogen__slope_90d,0.0013776402
Alkaline_phosphatase_Enzymatic_activity_volume_in_Serum_or_Plasma_min_365d,Alkaline phosphatase [Enzymatic activity/volume] in Serum or Plasma__min_365d,0.00137238
Leukocytes_volume_in_Blood_by_Automated_count_min_365d,Leukocytes [#/volume] in Blood by Automated count__min_365d,0.001364526
Systolic_Blood_Pressure_slope_365d,Systolic Blood Pressure__slope_365d,0.0013583219
Body_Weight_mean_365d,Body Weight__mean_365d,0.0013535651
Glomerular_filtration_rate_1_73_sq_M_predicted_max_365d,Glomerular filtration rate/1.73 sq M.predicted__max_365d,0.0013511067
Chloride_mean_90d,Chloride__mean_90d,0.0013490001
Respiratory_rate_max_365d,Respiratory rate__max_365d,0.0013458119
Leukocytes_volume_in_Blood_by_Automated_count_std_365d,Leukocytes [#/volume] in Blood by Automated count__std_365d,0.001344857
Body_Mass_Index_mean_365d,Body Mass Index__mean_365d,0.0013324973
Low_Density_Lipoprotein_Cholesterol_std_365d,Low Density Lipoprotein Cholesterol__std_365d,0.0013316156
Platelets_volume_in_Blood_by_Automated_count_min_365d,Platelets [#/volume] in Blood by Automated count__min_365d,0.0013309896
Body_Mass_Index_min_365d,Body Mass Index__min_365d,0.0013264768
Calcium_slope_90d,Calcium__slope_90d,0.0013244535
Potassium_mean_90d,Potassium__mean_90d,0.0013242126
Triglycerides_relative_change_365d,Triglycerides__relative_change_365d,0.001323097
Triglycerides_max_365d,Triglycerides__max_365d,0.0013223889
Body_Mass_Index_mean_90d,Body Mass Index__mean_90d,0.001319514
Alkaline_phosphatase_Enzymatic_activity_volume_in_Serum_or_Plasma_absolute_change_365d,Alkaline phosphatase [Enzymatic activity/volume] in Serum or Plasma__absolute_change_365d,0.0013169938
Glomerular_filtration_rate_1_73_sq_M_predicted_mean_365d,Glomerular filtration rate/1.73 sq M.predicted__mean_365d,0.001313053
Low_Density_Lipoprotein_Cholesterol_days_since_latest,Low Density Lipoprotein Cholesterol__days_since_latest,0.0013129199
Hemoglobin_Mass_volume_in_Blood_mean_90d,Hemoglobin [Mass/volume] in Blood__mean_90d,0.0013126864
Carbon_Dioxide_mean_90d,Carbon Dioxide__mean_90d,0.0013107271
High_Density_Lipoprotein_Cholesterol_mean_90d,High Density Lipoprotein Cholesterol__mean_90d,0.0013106057
Platelets_volume_in_Blood_by_Automated_count_max_365d,Platelets [#/volume] in Blood by Automated count__max_365d,0.001307252
Chloride_relative_change_365d,Chloride__relative_change_365d,0.0013060849
Urea_Nitrogen_mean_90d,Urea Nitrogen__mean_90d,0.0013024433
Alanine_aminotransferase_Enzymatic_activity_volume_in_Serum_or_Plasma_slope_90d,Alanine aminotransferase [Enzymatic activity/volume] in Serum or Plasma__slope_90d,0.0013017821
High_Density_Lipoprotein_Cholesterol_max_365d,High Density Lipoprotein Cholesterol__max_365d,0.001300363
Hemoglobin_Mass_volume_in_Blood_std_365d,Hemoglobin [Mass/volume] in Blood__std_365d,0.0013001977
Diastolic_Blood_Pressure_slope_365d,Diastolic Blood Pressure__slope_365d,0.0012994525
Glucose_slope_365d,Glucose__slope_365d,0.0012960514
Body_Mass_Index_std_365d,Body Mass Index__std_365d,0.001290335
Low_Density_Lipoprotein_Cholesterol_min_365d,Low Density Lipoprotein Cholesterol__min_365d,0.0012900198
Body_Mass_Index_max_365d,Body Mass Index__max_365d,0.0012899603
Bilirubin_total_Mass_volume_in_Serum_or_Plasma_min_365d,Bilirubin.total [Mass/volume] in Serum or Plasma__min_365d,0.0012869264
Hemoglobin_Mass_volume_in_Blood_absolute_change_365d,Hemoglobin [Mass/volume] in Blood__absolute_change_365d,0.0012858718
Hematocrit_Volume_Fraction_of_Blood_by_Automated_count_relative_change_365d,Hematocrit [Volume Fraction] of Blood by Automated count__relative_change_365d,0.0012850458
Alanine_aminotransferase_Enzymatic_activity_volume_in_Serum_or_Plasma_max_365d,Alanine aminotransferase [Enzymatic activity/volume] in Serum or Plasma__max_365d,0.0012843541
Hemoglobin_A1c_Hemoglobin_total_in_Blood_std_365d,Hemoglobin A1c/Hemoglobin.total in Blood__std_365d,0.0012827284
Triglycerides_mean_90d,Triglycerides__mean_90d,0.0012781685
Aspartate_aminotransferase_Enzymatic_activity_volume_in_Serum_or_Plasma_max_365d,Aspartate aminotransferase [Enzymatic activity/volume] in Serum or Plasma__max_365d,0.0012775433
Carbon_Dioxide_min_365d,Carbon Dioxide__min_365d,0.0012761536
Leukocytes_volume_in_Blood_by_Automated_count_days_since_latest,Leukocytes [#/volume] in Blood by Automated count__days_since_latest,0.0012759424
Hematocrit_Volume_Fraction_of_Blood_by_Automated_count_std_365d,Hematocrit [Volume Fraction] of Blood by Automated count__std_365d,0.0012735578
Albumin_Mass_volume_in_Serum_or_Plasma_std_365d,Albumin [Mass/volume] in Serum or Plasma__std_365d,0.0012728487
Heart_rate_max_365d,Heart rate__max_365d,0.0012690991
Body_Weight_min_365d,Body Weight__min_365d,0.001269026
Alanine_aminotransferase_Enzymatic_activity_volume_in_Serum_or_Plasma_mean_365d,Alanine aminotransferase [Enzymatic activity/volume] in Serum or Plasma__mean_365d,0.0012652957
Low_Density_Lipoprotein_Cholesterol_mean_90d,Low Density Lipoprotein Cholesterol__mean_90d,0.0012625506
Urea_Nitrogen_std_365d,Urea Nitrogen__std_365d,0.0012623474
Bilirubin_total_Mass_volume_in_Serum_or_Plasma_mean_365d,Bilirubin.total [Mass/volume] in Serum or Plasma__mean_365d,0.0012610225
Alkaline_phosphatase_Enzymatic_activity_volume_in_Serum_or_Plasma_mean_365d,Alkaline phosphatase [Enzymatic activity/volume] in Serum or Plasma__mean_365d,0.001256999
Low_Density_Lipoprotein_Cholesterol_relative_change_365d,Low Density Lipoprotein Cholesterol__relative_change_365d,0.0012564111
Sodium_mean_90d,Sodium__mean_90d,0.0012536376
Respiratory_rate_absolute_change_365d,Respiratory rate__absolute_change_365d,0.0012533558
Potassium_slope_365d,Potassium__slope_365d,0.0012529942
Carbon_Dioxide_slope_90d,Carbon Dioxide__slope_90d,0.0012511765
Calcium_max_365d,Calcium__max_365d,0.0012503859
Total_Cholesterol_days_since_latest,Total Cholesterol__days_since_latest,0.0012502315
Alanine_aminotransferase_Enzymatic_activity_volume_in_Serum_or_Plasma_absolute_change_365d,Alanine aminotransferase [Enzymatic activity/volume] in Serum or Plasma__absolute_change_365d,0.0012490391
Urea_Nitrogen_absolute_change_365d,Urea Nitrogen__absolute_change_365d,0.0012473457
Urea_Nitrogen_max_365d,Urea Nitrogen__max_365d,0.0012466431
Glucose_std_365d,Glucose__std_365d,0.0012418875
Glucose_max_365d,Glucose__max_365d,0.0012410891
Chloride_slope_365d,Chloride__slope_365d,0.0012403892
Low_Density_Lipoprotein_Cholesterol_slope_90d,Low Density Lipoprotein Cholesterol__slope_90d,0.0012381579
Diastolic_Blood_Pressure_slope_90d,Diastolic Blood Pressure__slope_90d,0.0012374605
Calcium_min_365d,Calcium__min_365d,0.0012359623
Sodium_absolute_change_365d,Sodium__absolute_change_365d,0.0012319796
Hematocrit_Volume_Fraction_of_Blood_by_Automated_count_min_365d,Hematocrit [Volume Fraction] of Blood by Automated count__min_365d,0.00122846
High_Density_Lipoprotein_Cholesterol_min_365d,High Density Lipoprotein Cholesterol__min_365d,0.0012276343
Alanine_aminotransferase_Enzymatic_activity_volume_in_Serum_or_Plasma_latest,Alanine aminotransferase [Enzymatic activity/volume] in Serum or Plasma__latest,0.0012275284
Hemoglobin_Mass_volume_in_Blood_max_365d,Hemoglobin [Mass/volume] in Blood__max_365d,0.0012260412
Triglycerides_min_365d,Triglycerides__min_365d,0.0012220396
Glucose_relative_change_365d,Glucose__relative_change_365d,0.0012199223
Glucose_min_365d,Glucose__min_365d,0.0012188609
Systolic_Blood_Pressure_relative_change_365d,Systolic Blood Pressure__relative_change_365d,0.0012182562
Albumin_Mass_volume_in_Serum_or_Plasma_mean_90d,Albumin [Mass/volume] in Serum or Plasma__mean_90d,0.0012171087
Sodium_min_365d,Sodium__min_365d,0.0012160827
Heart_rate_absolute_change_365d,Heart rate__absolute_change_365d,0.0012147408
Sodium_slope_90d,Sodium__slope_90d,0.0012138565
Potassium_min_365d,Potassium__min_365d,0.0012136915
Potassium_slope_90d,Potassium__slope_90d,0.0012103514
Systolic_Blood_Pressure_absolute_change_365d,Systolic Blood Pressure__absolute_change_365d,0.0012088412
Alkaline_phosphatase_Enzymatic_activity_volume_in_Serum_or_Plasma_slope_90d,Alkaline phosphatase [Enzymatic activity/volume] in Serum or Plasma__slope_90d,0.0012087991
Bilirubin_total_Mass_volume_in_Serum_or_Plasma_mean_90d,Bilirubin.total [Mass/volume] in Serum or Plasma__mean_90d,0.0012055171
Alanine_aminotransferase_Enzymatic_activity_volume_in_Serum_or_Plasma_slope_365d,Alanine aminotransferase [Enzymatic activity/volume] in Serum or Plasma__slope_365d,0.0012032668
Urea_Nitrogen_relative_change_365d,Urea Nitrogen__relative_change_365d,0.0012028419
Sodium_slope_365d,Sodium__slope_365d,0.0012026143
Alanine_aminotransferase_Enzymatic_activity_volume_in_Serum_or_Plasma_min_365d,Alanine aminotransferase [Enzymatic activity/volume] in Serum or Plasma__min_365d,0.0011999586
Low_Density_Lipoprotein_Cholesterol_max_365d,Low Density Lipoprotein Cholesterol__max_365d,0.0011978762
Respiratory_rate_min_365d,Respiratory rate__min_365d,0.0011978727
Leukocytes_volume_in_Blood_by_Automated_count_mean_365d,Leukocytes [#/volume] in Blood by Automated count__mean_365d,0.0011977381
Hemoglobin_Mass_volume_in_Blood_latest,Hemoglobin [Mass/volume] in Blood__latest,0.0011944603
Glomerular_filtration_rate_1_73_sq_M_predicted_relative_change_365d,Glomerular filtration rate/1.73 sq M.predicted__relative_change_365d,0.0011934733
Platelets_volume_in_Blood_by_Automated_count_mean_365d,Platelets [#/volume] in Blood by Automated count__mean_365d,0.0011931809
Leukocytes_volume_in_Blood_by_Automated_count_max_365d,Leukocytes [#/volume] in Blood by Automated count__max_365d,0.0011930382
Calcium_absolute_change_365d,Calcium__absolute_change_365d,0.0011929736
Albumin_Mass_volume_in_Serum_or_Plasma_mean_365d,Albumin [Mass/volume] in Serum or Plasma__mean_365d,0.0011923257
Diastolic_Blood_Pressure_relative_change_365d,Diastolic Blood Pressure__relative_change_365d,0.0011917053
Diastolic_Blood_Pressure_mean_365d,Diastolic Blood Pressure__mean_365d,0.001191233
Platelets_volume_in_Blood_by_Automated_count_std_365d,Platelets [#/volume] in Blood by Automated count__std_365d,0.0011911214
Platelets_volume_in_Blood_by_Automated_count_mean_90d,Platelets [#/volume] in Blood by Automated count__mean_90d,0.0011899456
Total_Cholesterol_slope_90d,Total Cholesterol__slope_90d,0.0011887258
Carbon_Dioxide_relative_change_365d,Carbon Dioxide__relative_change_365d,0.0011877774
Potassium_relative_change_365d,Potassium__relative_change_365d,0.001186906
Calcium_relative_change_365d,Calcium__relative_change_365d,0.0011857196
High_Density_Lipoprotein_Cholesterol_slope_90d,High Density Lipoprotein Cholesterol__slope_90d,0.001183543
Systolic_Blood_Pressure_max_365d,Systolic Blood Pressure__max_365d,0.0011833619
Urea_Nitrogen_slope_365d,Urea Nitrogen__slope_365d,0.0011801625
Urea_Nitrogen_min_365d,Urea Nitrogen__min_365d,0.0011787579
Sodium_max_365d,Sodium__max_365d,0.0011782587
Alkaline_phosphatase_Enzymatic_activity_volume_in_Serum_or_Plasma_max_365d,Alkaline phosphatase [Enzymatic activity/volume] in Serum or Plasma__max_365d,0.0011770547
Hemoglobin_Mass_volume_in_Blood_slope_90d,Hemoglobin [Mass/volume] in Blood__slope_90d,0.0011768647
Glucose_absolute_change_365d,Glucose__absolute_change_365d,0.0011740873
Diastolic_Blood_Pressure_min_365d,Diastolic Blood Pressure__min_365d,0.001171834
Carbon_Dioxide_mean_365d,Carbon Dioxide__mean_365d,0.0011716259
Platelets_volume_in_Blood_by_Automated_count_relative_change_365d,Platelets [#/volume] in Blood by Automated count__relative_change_365d,0.0011714846
Chloride_mean_365d,Chloride__mean_365d,0.0011695083
Alanine_aminotransferase_Enzymatic_activity_volume_in_Serum_or_Plasma_relative_change_365d,Alanine aminotransferase [Enzymatic activity/volume] in Serum or Plasma__relative_change_365d,0.0011691094
Calcium_mean_365d,Calcium__mean_365d,0.00116811
Total_Cholesterol_latest,Total Cholesterol__latest,0.00116387
Body_Weight_latest,Body Weight__latest,0.001159489
Bilirubin_total_Mass_volume_in_Serum_or_Plasma_relative_change_365d,Bilirubin.total [Mass/volume] in Serum or Plasma__relative_change_365d,0.0011588787
Carbon_Dioxide_latest,Carbon Dioxide__latest,0.0011581543
Calcium_mean_90d,Calcium__mean_90d,0.0011573305
Glucose_mean_365d,Glucose__mean_365d,0.0011568229
Low_Density_Lipoprotein_Cholesterol_mean_365d,Low Density Lipoprotein Cholesterol__mean_365d,0.0011560154
Potassium_mean_365d,Potassium__mean_365d,0.0011549976
Calcium_slope_365d,Calcium__slope_365d,0.0011536055
High_Density_Lipoprotein_Cholesterol_relative_change_365d,High Density Lipoprotein Cholesterol__relative_change_365d,0.0011517173
Aspartate_aminotransferase_Enzymatic_activity_volume_in_Serum_or_Plasma_min_365d,Aspartate aminotransferase [Enzymatic activity/volume] in Serum or Plasma__min_365d,0.0011508954
Total_Cholesterol_min_365d,Total Cholesterol__min_365d,0.0011490904
Sodium_relative_change_365d,Sodium__relative_change_365d,0.0011462396
Hemoglobin_Mass_volume_in_Blood_min_365d,Hemoglobin [Mass/volume] in Blood__min_365d,0.001144806
Urea_Nitrogen_mean_365d,Urea Nitrogen__mean_365d,0.0011424659
Systolic_Blood_Pressure_min_365d,Systolic Blood Pressure__min_365d,0.0011393377
Triglycerides_absolute_change_365d,Triglycerides__absolute_change_365d,0.0011382205
Carbon_Dioxide_absolute_change_365d,Carbon Dioxide__absolute_change_365d,0.0011375016
Chloride_absolute_change_365d,Chloride__absolute_change_365d,0.0011366213
Triglycerides_mean_365d,Triglycerides__mean_365d,0.0011356078
Triglycerides_slope_365d,Triglycerides__slope_365d,0.0011351997
Respiratory_rate_relative_change_365d,Respiratory rate__relative_change_365d,0.0011338202
Heart_rate_min_365d,Heart rate__min_365d,0.0011338005
High_Density_Lipoprotein_Cholesterol_latest,High Density Lipoprotein Cholesterol__latest,0.0011333014
Glomerular_filtration_rate_1_73_sq_M_predicted_latest,Glomerular filtration rate/1.73 sq M.predicted__latest,0.0011323163
Low_Density_Lipoprotein_Cholesterol_latest,Low Density Lipoprotein Cholesterol__latest,0.0011313446
Sodium_mean_365d,Sodium__mean_365d,0.0011284334
Body_Mass_Index_latest,Body Mass Index__latest,0.0011235727
Hematocrit_Volume_Fraction_of_Blood_by_Automated_count_max_365d,Hematocrit [Volume Fraction] of Blood by Automated count__max_365d,0.0011221016
High_Density_Lipoprotein_Cholesterol_absolute_change_365d,High Density Lipoprotein Cholesterol__absolute_change_365d,0.0011219003
Bilirubin_total_Mass_volume_in_Serum_or_Plasma_slope_90d,Bilirubin.total [Mass/volume] in Serum or Plasma__slope_90d,0.0011211217
Albumin_Mass_volume_in_Serum_or_Plasma_absolute_change_365d,Albumin [Mass/volume] in Serum or Plasma__absolute_change_365d,0.0011208812
Heart_rate_mean_365d,Heart rate__mean_365d,0.0011143686
Aspartate_aminotransferase_Enzymatic_activity_volume_in_Serum_or_Plasma_latest,Aspartate aminotransferase [Enzymatic activity/volume] in Serum or Plasma__latest,0.0011132609
Aspartate_aminotransferase_Enzymatic_activity_volume_in_Serum_or_Plasma_slope_365d,Aspartate aminotransferase [Enzymatic activity/volume] in Serum or Plasma__slope_365d,0.0011132415
Carbon_Dioxide_max_365d,Carbon Dioxide__max_365d,0.001113236
Respiratory_rate_mean_365d,Respiratory rate__mean_365d,0.0011122895
Diastolic_Blood_Pressure_max_365d,Diastolic Blood Pressure__max_365d,0.0011117388
Total_Cholesterol_relative_change_365d,Total Cholesterol__relative_change_365d,0.0011105652
Aspartate_aminotransferase_Enzymatic_activity_volume_in_Serum_or_Plasma_mean_365d,Aspartate aminotransferase [Enzymatic activity/volume] in Serum or Plasma__mean_365d,0.0011096583
Heart_rate_relative_change_365d,Heart rate__relative_change_365d,0.001107182
Hematocrit_Volume_Fraction_of_Blood_by_Automated_count_latest,Hematocrit [Volume Fraction] of Blood by Automated count__latest,0.0011060863
Hematocrit_Volume_Fraction_of_Blood_by_Automated_count_mean_365d,Hematocrit [Volume Fraction] of Blood by Automated count__mean_365d,0.0011026105
Albumin_Mass_volume_in_Serum_or_Plasma_slope_365d,Albumin [Mass/volume] in Serum or Plasma__slope_365d,0.0011021461
Hematocrit_Volume_Fraction_of_Blood_by_Automated_count_slope_365d,Hematocrit [Volume Fraction] of Blood by Automated count__slope_365d,0.001096623
Chloride_max_365d,Chloride__max_365d,0.0010959671
High_Density_Lipoprotein_Cholesterol_mean_365d,High Density Lipoprotein Cholesterol__mean_365d,0.0010957706
Low_Density_Lipoprotein_Cholesterol_absolute_change_365d,Low Density Lipoprotein Cholesterol__absolute_change_365d,0.0010951197
Platelets_volume_in_Blood_by_Automated_count_slope_365d,Platelets [#/volume] in Blood by Automated count__slope_365d,0.0010882303
Carbon_Dioxide_slope_365d,Carbon Dioxide__slope_365d,0.001083258
Potassium_latest,Potassium__latest,0.0010832443
Systolic_Blood_Pressure_latest,Systolic Blood Pressure__latest,0.0010820887
Systolic_Blood_Pressure_mean_365d,Systolic Blood Pressure__mean_365d,0.0010798185
Chloride_latest,Chloride__latest,0.0010765722
Total_Cholesterol_mean_365d,Total Cholesterol__mean_365d,0.0010737808
Alkaline_phosphatase_Enzymatic_activity_volume_in_Serum_or_Plasma_slope_365d,Alkaline phosphatase [Enzymatic activity/volume] in Serum or Plasma__slope_365d,0.0010722077
Hematocrit_Volume_Fraction_of_Blood_by_Automated_count_mean_90d,Hematocrit [Volume Fraction] of Blood by Automated count__mean_90d,0.0010710048
Bilirubin_total_Mass_volume_in_Serum_or_Plasma_max_365d,Bilirubin.total [Mass/volume] in Serum or Plasma__max_365d,0.0010707806
Diastolic_Blood_Pressure_absolute_change_365d,Diastolic Blood Pressure__absolute_change_365d,0.0010684708
Alkaline_phosphatase_Enzymatic_activity_volume_in_Serum_or_Plasma_latest,Alkaline phosphatase [Enzymatic activity/volume] in Serum or Plasma__latest,0.0010681221
Glucose_latest,Glucose__latest,0.0010593872
Triglycerides_latest,Triglycerides__latest,0.0010590781
Glomerular_filtration_rate_1_73_sq_M_predicted_slope_90d,Glomerular filtration rate/1.73 sq M.predicted__slope_90d,0.001048995
Urea_Nitrogen_latest,Urea Nitrogen__latest,0.0010487606
Leukocytes_volume_in_Blood_by_Automated_count_relative_change_365d,Leukocytes [#/volume] in Blood by Automated count__relative_change_365d,0.0010478868
Total_Cholesterol_absolute_change_365d,Total Cholesterol__absolute_change_365d,0.0010455368
Albumin_Mass_volume_in_Serum_or_Plasma_latest,Albumin [Mass/volume] in Serum or Plasma__latest,0.0010346815
Sodium_latest,Sodium__latest,0.0010308436
Bilirubin_total_Mass_volume_in_Serum_or_Plasma_latest,Bilirubin.total [Mass/volume] in Serum or Plasma__latest,0.0010274308
Leukocytes_volume_in_Blood_by_Automated_count_latest,Leukocytes [#/volume] in Blood by Automated count__latest,0.0010271092
Platelets_volume_in_Blood_by_Automated_count_latest,Platelets [#/volume] in Blood by Automated count__latest,0.001024435
Albumin_Mass_volume_in_Serum_or_Plasma_max_365d,Albumin [Mass/volume] in Serum or Plasma__max_365d,0.0010117507
Body_Mass_Index_absolute_change_365d,Body Mass Index__absolute_change_365d,0.0010055789
Glomerular_filtration_rate_1_73_sq_M_predicted_absolute_change_365d,Glomerular filtration rate/1.73 sq M.predicted__absolute_change_365d,0.0009935058
Diastolic_Blood_Pressure_latest,Diastolic Blood Pressure__latest,0.0009892937
Calcium_latest,Calcium__latest,0.0009865992
Alkaline_phosphatase_Enzymatic_activity_volume_in_Serum_or_Plasma_relative_change_365d,Alkaline phosphatase [Enzymatic activity/volume] in Serum or Plasma__relative_change_365d,0.0009840528
Heart_rate_latest,Heart rate__latest,0.00097601634
Bilirubin_total_Mass_volume_in_Serum_or_Plasma_slope_365d,Bilirubin.total [Mass/volume] in Serum or Plasma__slope_365d,0.00097352086
Respiratory_rate_latest,Respiratory rate__latest,0.00097179663
Leukocytes_volume_in_Blood_by_Automated_count_absolute_change_365d,Leukocytes [#/volume] in Blood by Automated count__absolute_change_365d,0.0009703247
Hematocrit_Volume_Fraction_of_Blood_by_Automated_count_absolute_change_365d,Hematocrit [Volume Fraction] of Blood by Automated count__absolute_change_365d,0.00095877465
Aspartate_aminotransferase_Enzymatic_activity_volume_in_Serum_or_Plasma_std_365d,Aspartate aminotransferase [Enzymatic activity/volume] in Serum or Plasma__std_365d,0.0009564171
Leukocytes_volume_in_Blood_by_Automated_count_slope_90d,Leukocytes [#/volume] in Blood by Automated count__slope_90d,0.00094601646
Platelets_volume_in_Blood_by_Automated_count_slope_90d,Platelets [#/volume] in Blood by Automated count__slope_90d,0.00094148464
Aspartate_aminotransferase_Enzymatic_activity_volume_in_Serum_or_Plasma_absolute_change_365d,Aspartate aminotransferase [Enzymatic activity/volume] in Serum or Plasma__absolute_change_365d,0.0009243741
Glomerular_filtration_rate_1_73_sq_M_predicted_slope_365d,Glomerular filtration rate/1.73 sq M.predicted__slope_365d,0.0009104452
Potassium_absolute_change_365d,Potassium__absolute_change_365d,0.0009051717
Hematocrit_Volume_Fraction_of_Blood_by_Automated_count_slope_90d,Hematocrit [Volume Fraction] of Blood by Automated count__slope_90d,0.0009011417
Platelets_volume_in_Blood_by_Automated_count_absolute_change_365d,Platelets [#/volume] in Blood by Automated count__absolute_change_365d,0.0008920418
Hemoglobin_Mass_volume_in_Blood_relative_change_365d,Hemoglobin [Mass/volume] in Blood__relative_change_365d,0.000866603
Alanine_aminotransferase_Enzymatic_activity_volume_in_Serum_or_Plasma_std_365d,Alanine aminotransferase [Enzymatic activity/volume] in Serum or Plasma__std_365d,0.0008093424
Albumin_Mass_volume_in_Serum_or_Plasma_relative_change_365d,Albumin [Mass/volume] in Serum or Plasma__relative_change_365d,0.0007513267
Potassium_missing,Potassium__missing,0.0
Leukocytes_volume_in_Blood_by_Automated_count_missing,Leukocytes [#/volume] in Blood by Automated count__missing,0.0
Hemoglobin_A1c_Hemoglobin_total_in_Blood_missing,Hemoglobin A1c/Hemoglobin.total in Blood__missing,0.0
Body_Mass_Index_missing,Body Mass Index__missing,0.0
Triglycerides_missing,Triglycerides__missing,0.0
Carbon_Dioxide_missing,Carbon Dioxide__missing,0.0
Carbon_Dioxide_days_since_latest,Carbon Dioxide__days_since_latest,0.0
Glucose_missing,Glucose__missing,0.0
Total_Cholesterol_missing,Total Cholesterol__missing,0.0
Calcium_missing,Calcium__missing,0.0
Sodium_days_since_latest,Sodium__days_since_latest,0.0
Sodium_missing,Sodium__missing,0.0
Urea_Nitrogen_missing,Urea Nitrogen__missing,0.0
Urea_Nitrogen_days_since_latest,Urea Nitrogen__days_since_latest,0.0
Chloride_days_since_latest,Chloride__days_since_latest,0.0
Creatinine_missing,Creatinine__missing,0.0
Creatinine_days_since_latest,Creatinine__days_since_latest,0.0
Chloride_missing,Chloride__missing,0.0
Low_Density_Lipoprotein_Cholesterol_missing,Low Density Lipoprotein Cholesterol__missing,0.0
Glomerular_filtration_rate_1_73_sq_M_predicted_missing,Glomerular filtration rate/1.73 sq M.predicted__missing,0.0
Alanine_aminotransferase_Enzymatic_activity_volume_in_Serum_or_Plasma_missing,Alanine aminotransferase [Enzymatic activity/volume] in Serum or Plasma__missing,0.0
Heart_rate_missing,Heart rate__missing,0.0
High_Density_Lipoprotein_Cholesterol_missing,High Density Lipoprotein Cholesterol__missing,0.0
Aspartate_aminotransferase_Enzymatic_activity_volume_in_Serum_or_Plasma_missing,Aspartate aminotransferase [Enzymatic activity/volume] in Serum or Plasma__missing,0.0
Respiratory_rate_missing,Respiratory rate__missing,0.0
Alkaline_phosphatase_Enzymatic_activity_volume_in_Serum_or_Plasma_missing,Alkaline phosphatase [Enzymatic activity/volume] in Serum or Plasma__missing,0.0
Bilirubin_total_Mass_volume_in_Serum_or_Plasma_days_since_latest,Bilirubin.total [Mass/volume] in Serum or Plasma__days_since_latest,0.0
Bilirubin_total_Mass_volume_in_Serum_or_Plasma_missing,Bilirubin.total [Mass/volume] in Serum or Plasma__missing,0.0
Albumin_Mass_volume_in_Serum_or_Plasma_days_since_latest,Albumin [Mass/volume] in Serum or Plasma__days_since_latest,0.0
Diastolic_Blood_Pressure_missing,Diastolic Blood Pressure__missing,0.0
Albumin_Mass_volume_in_Serum_or_Plasma_missing,Albumin [Mass/volume] in Serum or Plasma__missing,0.0
Body_Weight_missing,Body Weight__missing,0.0
Hemoglobin_Mass_volume_in_Blood_missing,Hemoglobin [Mass/volume] in Blood__missing,0.0
Systolic_Blood_Pressure_missing,Systolic Blood Pressure__missing,0.0
Hematocrit_Volume_Fraction_of_Blood_by_Automated_count_missing,Hematocrit [Volume Fraction] of Blood by Automated count__missing,0.0
Platelets_volume_in_Blood_by_Automated_count_missing,Platelets [#/volume] in Blood by Automated count__missing,0.0
