threshold,precision,recall,f1_score,specificity,positive_predictions
0.2,0.4262388097339554,0.9723860204228391,0.5926802542187157,0.2534044298605414,15862
0.25,0.439042137990342,0.9545519919459227,0.6014499320344359,0.30434782608695654,15117
0.3,0.46196363636363635,0.9135624910110743,0.6136308747524514,0.39310910582444625,13750
0.35,0.5331751305173232,0.8078527254422552,0.6423833485818847,0.5965545529122231,10535
0.4,0.5937463403208807,0.729181648209406,0.6545313710302091,0.715422477440525,8539
0.45,0.6978083506638938,0.627355098518625,0.6607088760981521,0.8450369155045119,6251
0.5,0.7841046277665996,0.5604774917301885,0.653694539964774,0.9119770303527481,4970
0.55,0.8305813164442434,0.5281173594132029,0.6456831369790751,0.9385561936013126,4421
0.6,0.8493215900975958,0.5131597871422408,0.639770485924332,0.9480721903199344,4201
0.65,0.8633217993079585,0.5023730763699122,0.6351486498772616,0.9546349466776046,4046
0.7,0.8707204905467553,0.4901481374946066,0.6272200239256465,0.9584905660377359,3914
0.75,0.8798941798941798,0.47835466705019414,0.6197708003354141,0.9627563576702215,3780
0.8,0.8830457408929061,0.46368474039982743,0.6080724254998114,0.9649712879409352,3651
